Year,Quarter,Segment,Region,Subscribers,Revenue_QR_Mn,ARPU_QR,Data_Usage_GB,Voice_Minutes_Mn,Customer_Satisfaction_Index,Churn_Rate_Pct,Complaints_Resolved_Pct,New_Activations,Deactivations,Avg_Resolution_Time_Hours,eSIM_Activations,Recharge_Transactions_Thousand,Retail_Store_Visits_Thousand,Digital_Sales_Pct,Network_Availability_Pct
2021,Q1,Mobile Prepaid,Doha,97395,156.73,107.32,267.61,58.68,88.43,2.97,96.83,28040,8945,5.93,5547,643,191,57.32,99.9592
2021,Q1,Mobile Prepaid,Al Rayyan,89275,153.53,105.4,237.73,54.14,73.78,2.62,97.82,22963,8824,2.95,5100,630,99,47.72,99.9788
2021,Q1,Mobile Prepaid,Al Wakrah,91988,141.49,95.58,253.29,65.39,76.81,2.64,97.62,24531,9482,3.67,4085,477,168,67.67,99.9654
2021,Q1,Mobile Prepaid,Umm Salal,97818,156.99,112.07,223.37,53.29,77.42,2.4,95.39,27340,13421,5.07,4826,553,245,65.6,99.9125
2021,Q1,Mobile Prepaid,Al Khor,97013,144.57,107.08,244.33,58.21,74.29,2.6,96.23,28976,10536,4.96,3859,497,247,52.15,99.9073
2021,Q1,Mobile Postpaid,Doha,110577,135.78,98.09,271.08,50.62,84.78,2.25,96.44,25501,10135,3.68,4732,522,198,71.7,99.9727
2021,Q1,Mobile Postpaid,Al Rayyan,105331,136.43,108.83,238.63,66.94,80.35,2.43,96.93,30533,11955,3.98,6121,593,149,50.79,99.9367
2021,Q1,Mobile Postpaid,Al Wakrah,94178,128.48,108.51,254.24,54.88,75.55,2.88,95.64,30179,8097,6.01,6277,844,159,58.38,99.9587
2021,Q1,Mobile Postpaid,Umm Salal,90376,144.59,101.18,299.09,50.83,74.63,2.43,98.73,33637,10818,4.82,3445,763,223,61.34,99.9303
2021,Q1,Mobile Postpaid,Al Khor,101898,187.46,110.61,263.38,48.75,81.68,2.58,98.4,27911,8890,6.13,4573,527,260,40.88,99.9384
2021,Q1,Fixed Broadband,Doha,99206,164.21,107.88,268.17,61.21,79.51,2.72,98.54,36572,8510,5.06,5396,666,237,55.75,99.9311
2021,Q1,Fixed Broadband,Al Rayyan,101163,179.35,103.16,324.82,60.85,87.69,3.16,98.05,28451,12045,4.68,5494,719,169,76.11,99.938
2021,Q1,Fixed Broadband,Al Wakrah,102274,166.36,104.94,262.57,62.7,85.05,2.69,98.19,38693,9831,6.01,5846,501,286,61.0,99.9486
2021,Q1,Fixed Broadband,Umm Salal,106633,165.8,100.75,251.26,61.71,74.68,3.1,99.59,20698,7404,4.76,5644,547,266,38.14,99.9742
2021,Q1,Fixed Broadband,Al Khor,102619,155.23,102.18,218.62,65.71,84.85,2.17,97.49,24002,7873,5.06,4201,737,242,49.85,99.9435
2021,Q1,Managed Services,Doha,100013,160.88,102.41,262.29,55.42,91.78,2.74,97.06,34691,10126,6.6,4641,784,75,73.95,99.9572
2021,Q1,Managed Services,Al Rayyan,106521,135.66,102.46,249.91,66.32,82.59,2.43,98.94,29746,12767,4.93,5050,614,309,61.69,99.9507
2021,Q1,Managed Services,Al Wakrah,100885,120.51,109.16,202.66,63.6,76.0,1.68,97.71,27208,9664,5.72,2672,737,225,52.06,99.9529
2021,Q1,Managed Services,Umm Salal,80696,164.66,103.57,229.22,51.99,75.6,2.33,97.59,21429,9987,3.46,2961,718,192,55.04,99.9673
2021,Q1,Managed Services,Al Khor,104577,139.21,109.69,232.08,51.16,73.89,2.13,95.6,33510,10423,7.08,2579,593,234,67.8,99.9263
2021,Q1,IoT,Doha,87477,166.36,92.39,243.22,57.26,69.78,2.04,95.14,25546,10808,4.98,4281,489,252,59.94,99.9407
2021,Q1,IoT,Al Rayyan,92280,103.73,100.75,272.92,45.09,83.46,2.42,94.79,23043,12779,5.26,4435,520,261,61.39,99.972
2021,Q1,IoT,Al Wakrah,96100,154.97,102.08,276.37,53.69,78.64,2.09,98.19,28535,7729,5.01,4731,596,126,59.8,99.9869
2021,Q1,IoT,Umm Salal,106978,155.11,109.56,216.87,70.43,79.25,2.91,97.49,36308,8592,4.48,6422,676,138,77.14,99.9516
2021,Q1,IoT,Al Khor,97729,154.34,106.0,256.04,67.02,68.33,2.45,96.72,28241,10814,3.36,4743,563,176,65.96,99.9262
2021,Q1,Devices,Doha,93556,170.24,103.01,272.68,49.06,85.38,3.16,94.52,25913,6316,5.1,6554,525,191,56.25,99.955
2021,Q1,Devices,Al Rayyan,105740,125.73,108.39,281.71,69.99,76.66,2.89,94.66,29658,11038,5.58,4907,519,168,73.64,99.9458
2021,Q1,Devices,Al Wakrah,100813,141.9,103.11,218.78,62.44,77.39,3.2,95.42,32528,14318,2.76,5083,657,233,51.81,99.9587
2021,Q1,Devices,Umm Salal,105597,162.41,102.86,260.29,51.02,90.9,2.46,99.99,29847,12092,3.48,4813,655,247,58.16,99.9441
2021,Q1,Devices,Al Khor,105525,132.13,106.05,227.08,62.82,82.24,2.69,97.51,31225,10396,3.74,6496,773,206,48.46,99.8886
2021,Q2,Mobile Prepaid,Doha,86611,183.85,100.73,249.84,64.22,81.08,3.22,94.41,36907,9939,5.34,6297,656,270,67.54,99.9552
2021,Q2,Mobile Prepaid,Al Rayyan,98059,114.86,98.38,250.31,71.37,84.27,3.02,96.79,24049,6902,4.46,3476,491,207,62.91,99.9287
2021,Q2,Mobile Prepaid,Al Wakrah,115187,167.62,110.21,246.56,70.45,89.92,2.36,96.93,32071,10856,7.33,6685,542,234,66.72,99.9462
2021,Q2,Mobile Prepaid,Umm Salal,92830,158.79,105.62,271.42,50.1,84.67,2.33,96.06,32533,10066,5.3,5305,637,266,52.83,99.9698
2021,Q2,Mobile Prepaid,Al Khor,104249,133.68,101.52,257.35,57.89,89.31,2.77,98.23,32088,5968,2.93,4832,671,186,66.55,99.9636
2021,Q2,Mobile Postpaid,Doha,88616,162.96,106.71,278.15,61.08,79.23,2.57,97.72,35476,10811,6.31,6113,618,162,55.27,99.9059
2021,Q2,Mobile Postpaid,Al Rayyan,90833,178.75,111.92,264.98,72.6,78.86,3.4,102.86,31047,16129,3.18,5657,785,164,57.97,99.9437
2021,Q2,Mobile Postpaid,Al Wakrah,96478,166.59,100.46,258.92,57.84,78.09,2.7,96.61,41051,10517,3.65,4321,664,206,64.94,99.9172
2021,Q2,Mobile Postpaid,Umm Salal,92297,160.49,107.1,216.91,55.67,71.49,2.71,97.51,34301,8211,5.09,4862,401,209,62.79,99.9192
2021,Q2,Mobile Postpaid,Al Khor,103613,132.51,107.27,271.57,38.11,84.69,2.59,95.7,36506,10612,2.87,4282,455,224,69.6,99.9433
2021,Q2,Fixed Broadband,Doha,91784,170.82,112.98,234.61,75.17,77.52,2.21,94.75,34295,12207,4.36,5457,526,252,50.01,99.9429
2021,Q2,Fixed Broadband,Al Rayyan,118572,166.78,112.34,272.68,50.95,79.6,3.09,97.5,28491,8587,4.99,4533,586,182,57.88,99.9244
2021,Q2,Fixed Broadband,Al Wakrah,87920,164.8,110.79,237.73,49.79,73.99,1.96,98.49,24091,7017,4.18,4917,812,177,49.91,99.9661
2021,Q2,Fixed Broadband,Umm Salal,110624,154.67,101.39,244.65,55.72,77.51,2.13,97.88,34118,9618,7.32,4806,836,207,69.19,99.92
2021,Q2,Fixed Broadband,Al Khor,105788,141.57,104.07,243.29,69.23,74.2,2.47,96.19,25573,11192,4.95,4482,527,236,50.36,99.942
2021,Q2,Managed Services,Doha,101352,188.69,99.04,259.43,58.28,81.03,2.75,99.69,32303,10160,3.21,5197,768,149,59.7,100.0091
2021,Q2,Managed Services,Al Rayyan,86546,166.23,108.66,244.57,49.12,79.04,2.47,97.89,34278,10138,6.05,4254,515,179,66.15,99.9256
2021,Q2,Managed Services,Al Wakrah,106666,147.33,103.8,235.9,53.82,79.01,2.37,98.38,27069,7461,5.73,5737,500,248,48.41,99.9391
2021,Q2,Managed Services,Umm Salal,91880,185.88,104.34,266.46,68.5,79.51,2.54,98.6,35316,10308,4.5,5095,491,216,61.46,99.9467
2021,Q2,Managed Services,Al Khor,96603,119.09,110.86,244.83,75.02,80.11,1.95,94.8,26947,9608,4.77,4951,768,160,39.24,99.9166
2021,Q2,IoT,Doha,106293,137.23,103.4,224.32,52.42,86.52,2.09,97.37,35211,7095,4.94,4888,544,214,54.33,99.9405
2021,Q2,IoT,Al Rayyan,116545,136.0,102.57,300.93,78.45,87.92,2.47,96.16,30812,10832,4.43,5449,726,127,75.45,99.9508
2021,Q2,IoT,Al Wakrah,111100,169.55,103.43,233.08,52.65,79.77,1.29,99.84,29303,12024,5.38,4565,513,188,66.61,99.9675
2021,Q2,IoT,Umm Salal,87791,151.94,107.69,250.17,41.25,84.9,3.18,99.85,26071,10666,5.83,4472,530,215,60.72,99.9208
2021,Q2,IoT,Al Khor,104349,146.32,107.24,229.16,62.58,88.86,2.37,95.41,18888,9832,5.47,4551,613,199,52.8,99.9471
2021,Q2,Devices,Doha,99829,160.58,113.16,235.4,53.36,81.65,3.33,98.97,23405,11824,2.91,6285,549,128,62.65,99.9586
2021,Q2,Devices,Al Rayyan,108454,158.83,107.29,273.54,60.11,75.94,2.35,95.77,33688,10683,3.44,5845,601,166,50.37,99.9424
2021,Q2,Devices,Al Wakrah,98262,103.99,104.36,241.12,56.16,78.04,2.08,96.95,25734,8125,5.76,6306,433,192,75.62,99.9556
2021,Q2,Devices,Umm Salal,99468,150.53,106.85,244.52,46.01,78.77,2.06,95.97,31556,12835,4.29,5158,605,247,74.42,99.9488
2021,Q2,Devices,Al Khor,87075,131.64,106.92,247.89,67.9,77.68,2.23,97.95,22599,9163,5.08,2813,654,191,56.06,99.9679
2021,Q3,Mobile Prepaid,Doha,93307,160.97,102.05,296.21,71.67,84.87,2.96,96.59,35286,9990,4.72,4418,624,253,69.43,99.9259
2021,Q3,Mobile Prepaid,Al Rayyan,95578,145.86,97.36,191.62,74.0,89.09,2.88,93.01,23831,8313,6.0,4481,548,257,54.24,99.964
2021,Q3,Mobile Prepaid,Al Wakrah,94544,144.63,110.08,249.39,62.69,81.14,2.76,96.04,35291,10591,4.66,6852,667,154,71.51,99.958
2021,Q3,Mobile Prepaid,Umm Salal,109614,183.25,106.12,225.83,67.54,75.96,3.06,97.24,26744,6382,4.9,4691,600,231,59.05,99.9501
2021,Q3,Mobile Prepaid,Al Khor,94307,129.98,104.23,263.77,57.34,82.28,2.84,99.24,24579,8951,4.78,4844,437,238,65.0,99.9782
2021,Q3,Mobile Postpaid,Doha,88240,185.69,116.34,279.95,70.31,85.21,2.71,96.02,29012,8513,5.73,5501,760,195,84.3,99.9774
2021,Q3,Mobile Postpaid,Al Rayyan,80204,110.65,107.72,179.62,46.43,77.92,2.54,99.91,34706,9570,5.98,6525,499,290,58.11,99.9205
2021,Q3,Mobile Postpaid,Al Wakrah,89447,147.76,108.49,220.57,64.05,79.25,2.92,97.06,36187,10598,6.39,5353,550,197,32.39,99.948
2021,Q3,Mobile Postpaid,Umm Salal,114532,141.57,107.89,228.38,61.28,84.2,1.97,97.75,26913,9078,3.15,6558,499,231,72.65,99.96
2021,Q3,Mobile Postpaid,Al Khor,112127,121.64,102.15,226.06,60.71,85.7,3.14,93.2,22427,9425,4.96,4725,474,259,77.95,99.9529
2021,Q3,Fixed Broadband,Doha,105122,125.59,102.44,282.2,53.07,89.33,2.05,99.07,33351,9074,6.37,5166,613,234,38.63,99.944
2021,Q3,Fixed Broadband,Al Rayyan,94538,150.73,105.31,242.09,59.27,82.69,2.85,95.49,28321,8043,5.9,4732,642,208,57.82,99.9237
2021,Q3,Fixed Broadband,Al Wakrah,102285,127.78,98.21,251.9,89.72,80.33,1.74,95.64,31513,14272,5.96,3203,559,195,66.0,99.9301
2021,Q3,Fixed Broadband,Umm Salal,102985,130.95,98.61,245.6,45.16,75.9,3.26,98.16,33630,9457,3.22,4109,544,140,52.25,99.9506
2021,Q3,Fixed Broadband,Al Khor,82967,177.75,102.73,187.99,69.57,81.34,2.59,95.56,24421,6592,6.12,6049,782,235,66.65,99.9185
2021,Q3,Managed Services,Doha,99574,166.3,99.66,236.66,59.13,78.89,2.12,97.58,40452,10158,6.42,4481,679,252,68.53,99.9484
2021,Q3,Managed Services,Al Rayyan,118985,174.31,102.21,239.67,67.74,84.87,2.8,98.6,27621,6364,4.32,6397,665,159,58.83,99.9739
2021,Q3,Managed Services,Al Wakrah,87916,176.54,103.87,196.66,52.07,85.28,3.41,98.82,42128,9877,5.7,6850,605,242,54.48,99.9846
2021,Q3,Managed Services,Umm Salal,115894,148.69,100.17,269.49,60.05,78.09,3.19,96.38,32884,13258,6.05,5461,541,210,54.92,99.9423
2021,Q3,Managed Services,Al Khor,97670,164.66,104.58,224.48,61.85,82.35,1.63,93.69,31651,9137,5.79,4655,775,229,49.09,99.9332
2021,Q3,IoT,Doha,97889,157.29,109.32,239.86,49.95,80.08,2.31,95.36,20723,10231,5.26,4738,445,150,61.33,99.936
2021,Q3,IoT,Al Rayyan,92190,145.73,106.17,298.14,57.7,72.89,3.71,98.03,31933,10792,4.34,4669,634,177,48.82,99.9401
2021,Q3,IoT,Al Wakrah,95142,172.8,100.4,217.92,34.64,88.14,2.21,100.83,28711,13162,5.44,5100,637,188,61.17,99.9172
2021,Q3,IoT,Umm Salal,100164,116.71,100.06,314.38,48.44,74.24,3.32,98.38,27894,9576,5.49,5904,622,194,64.71,99.9529
2021,Q3,IoT,Al Khor,98969,148.82,109.84,272.52,56.75,83.42,3.58,92.55,30751,12371,4.15,4069,486,172,64.81,99.9533
2021,Q3,Devices,Doha,86981,148.09,115.44,254.45,55.16,83.03,3.68,98.56,33196,12430,4.84,3611,529,202,56.9,99.9849
2021,Q3,Devices,Al Rayyan,83704,162.64,97.98,268.63,63.39,82.62,1.8,99.58,36571,12512,5.17,4321,487,182,72.79,99.9657
2021,Q3,Devices,Al Wakrah,113605,164.57,108.93,260.28,28.24,82.41,2.17,94.18,27038,8766,4.38,4877,647,96,63.37,99.9729
2021,Q3,Devices,Umm Salal,81578,154.64,104.47,234.46,53.27,75.11,2.22,98.29,29448,10924,5.34,4157,801,236,59.82,99.9331
2021,Q3,Devices,Al Khor,95712,103.93,99.8,218.85,79.16,78.57,2.03,98.16,38306,9532,5.54,4640,432,167,61.06,99.9397
2021,Q4,Mobile Prepaid,Doha,110093,208.33,100.93,235.89,49.93,79.42,2.79,98.23,34140,11575,4.23,6078,451,228,62.43,99.9274
2021,Q4,Mobile Prepaid,Al Rayyan,100172,188.54,103.54,224.26,65.54,72.53,2.32,98.59,27633,12569,4.36,5027,704,220,74.31,99.9148
2021,Q4,Mobile Prepaid,Al Wakrah,96531,130.98,110.17,224.39,62.24,79.65,2.6,98.91,29485,11510,2.89,3778,553,196,46.7,99.9586
2021,Q4,Mobile Prepaid,Umm Salal,98742,149.66,109.66,213.81,63.59,78.18,2.45,96.23,33563,7438,7.17,4427,759,207,54.37,99.9553
2021,Q4,Mobile Prepaid,Al Khor,112477,113.17,105.87,286.15,49.35,76.82,2.75,95.07,20212,8008,4.78,5696,739,153,59.3,99.9624
2021,Q4,Mobile Postpaid,Doha,89619,160.9,106.42,207.86,73.74,77.84,2.98,97.16,26039,10752,5.84,4019,479,206,56.94,99.9806
2021,Q4,Mobile Postpaid,Al Rayyan,97210,149.61,100.98,303.96,74.28,70.89,3.53,101.0,24622,8832,2.98,5240,650,265,60.0,99.9549
2021,Q4,Mobile Postpaid,Al Wakrah,108822,136.09,104.91,301.83,57.96,78.62,1.7,97.16,24582,7211,4.08,5037,550,241,73.38,99.9432
2021,Q4,Mobile Postpaid,Umm Salal,86177,106.73,112.39,264.61,63.68,76.0,2.91,98.11,29087,10975,4.92,4419,514,236,46.15,99.9337
2021,Q4,Mobile Postpaid,Al Khor,93303,128.99,107.53,255.89,59.66,82.94,2.69,95.61,29060,9931,7.23,4724,668,177,64.66,99.9746
2021,Q4,Fixed Broadband,Doha,106094,189.6,97.67,309.11,65.91,73.24,2.41,96.8,32325,11059,5.74,4781,479,227,67.69,99.9681
2021,Q4,Fixed Broadband,Al Rayyan,103673,140.79,108.35,185.66,48.72,77.17,2.94,95.58,29100,11890,3.42,4898,512,185,50.47,99.952
2021,Q4,Fixed Broadband,Al Wakrah,106215,156.55,97.7,256.41,74.53,80.66,1.92,93.05,27632,12112,5.26,3830,381,221,75.29,99.9736
2021,Q4,Fixed Broadband,Umm Salal,107312,132.06,97.76,220.58,43.44,82.24,3.34,100.78,29575,8693,4.67,6195,696,143,54.93,99.9664
2021,Q4,Fixed Broadband,Al Khor,94106,157.98,110.12,264.24,73.17,84.15,1.45,94.54,22000,9982,6.56,5319,689,103,56.72,99.9589
2021,Q4,Managed Services,Doha,109764,133.14,97.16,297.67,37.42,78.97,2.86,99.51,28059,11738,6.12,4451,505,59,80.45,99.9622
2021,Q4,Managed Services,Al Rayyan,100587,148.13,113.47,197.32,61.31,80.16,1.93,98.77,31335,9895,6.35,6013,609,162,65.14,99.9382
2021,Q4,Managed Services,Al Wakrah,84534,147.83,107.23,268.67,64.67,78.45,1.59,102.01,33299,15376,7.97,4949,475,145,54.41,99.9793
2021,Q4,Managed Services,Umm Salal,84689,162.56,106.22,238.07,57.52,76.94,1.64,97.04,26426,8789,5.53,5918,629,182,62.1,99.9746
2021,Q4,Managed Services,Al Khor,118231,139.43,106.93,193.73,83.58,86.14,2.1,98.32,29541,13324,5.4,4907,730,176,61.45,99.9506
2021,Q4,IoT,Doha,97137,193.34,109.27,236.44,50.83,84.13,3.24,95.45,29782,8644,5.39,5218,482,256,60.72,99.9048
2021,Q4,IoT,Al Rayyan,104209,146.5,111.43,307.63,63.11,80.75,3.87,96.19,20313,12055,4.64,4581,522,174,35.62,99.9649
2021,Q4,IoT,Al Wakrah,120252,154.79,105.79,340.3,67.42,77.47,3.33,99.11,25853,12302,5.27,2883,683,305,47.44,99.9395
2021,Q4,IoT,Umm Salal,111865,138.61,105.56,239.39,63.33,72.24,2.76,96.43,26783,11727,5.85,4324,591,167,36.89,99.9503
2021,Q4,IoT,Al Khor,86099,169.66,107.13,251.49,77.43,83.71,2.79,95.31,24682,13215,4.3,6138,617,207,63.34,99.9572
2021,Q4,Devices,Doha,116165,173.02,100.03,244.31,71.2,79.52,1.83,100.98,35445,7494,5.89,3829,709,223,74.91,99.9516
2021,Q4,Devices,Al Rayyan,99459,154.09,105.99,268.07,38.5,88.3,3.04,97.51,20868,10792,5.43,5769,765,281,52.14,99.9391
2021,Q4,Devices,Al Wakrah,102239,150.19,108.81,247.94,81.13,69.0,3.37,100.33,28123,8512,4.2,6524,633,192,68.99,99.9768
2021,Q4,Devices,Umm Salal,110724,151.62,103.46,249.81,58.87,78.77,1.46,95.13,28555,9976,5.13,7167,526,208,51.43,100.0027
2021,Q4,Devices,Al Khor,105423,164.49,103.58,205.13,63.93,85.74,1.72,97.61,35848,9729,5.22,4690,719,177,55.06,99.9601
2022,Q1,Mobile Prepaid,Doha,214981,331.9,115.52,501.5,102.41,80.77,1.73,98.01,30002,10691,6.83,5470,438,152,66.96,99.9361
2022,Q1,Mobile Prepaid,Al Rayyan,204237,279.98,116.09,487.09,113.9,79.2,2.16,98.57,34566,17101,6.25,4108,591,74,55.07,99.9477
2022,Q1,Mobile Prepaid,Al Wakrah,215911,293.79,103.77,517.28,135.02,82.62,2.77,98.86,35286,15057,5.31,4895,519,225,73.37,99.9447
2022,Q1,Mobile Prepaid,Umm Salal,207525,260.11,103.91,467.9,108.23,86.52,2.1,98.68,28316,10973,6.67,6616,679,180,56.69,99.9377
2022,Q1,Mobile Prepaid,Al Khor,199838,305.03,120.32,469.38,123.56,85.5,2.17,95.47,35205,9636,5.17,3748,705,186,65.5,99.9662
2022,Q1,Mobile Postpaid,Doha,207634,266.04,109.0,490.24,112.96,80.97,2.17,98.39,25411,12570,4.78,5388,658,224,50.39,99.9304
2022,Q1,Mobile Postpaid,Al Rayyan,185102,356.5,105.34,488.71,85.57,81.45,3.3,99.06,28060,10682,4.94,5896,520,142,63.23,99.9324
2022,Q1,Mobile Postpaid,Al Wakrah,204687,318.0,106.24,490.55,133.19,77.78,2.83,95.69,36945,6923,6.92,6563,453,171,64.75,99.9595
2022,Q1,Mobile Postpaid,Umm Salal,208096,286.03,111.28,529.56,136.19,79.12,1.71,95.76,28055,11989,5.28,5572,578,264,55.08,99.9209
2022,Q1,Mobile Postpaid,Al Khor,197572,296.13,104.3,456.95,111.49,76.21,3.25,97.42,28663,8940,4.53,4775,587,214,64.2,99.9326
2022,Q1,Fixed Broadband,Doha,185302,319.0,95.96,473.61,127.9,83.98,1.9,95.34,25514,11969,4.57,5719,606,222,66.68,99.9252
2022,Q1,Fixed Broadband,Al Rayyan,198458,310.83,109.14,524.33,110.95,83.58,2.82,93.71,29475,11456,5.42,7087,611,161,55.52,99.9662
2022,Q1,Fixed Broadband,Al Wakrah,216310,319.5,113.63,477.94,122.97,86.73,2.19,94.97,28338,13080,4.62,3679,497,274,60.99,99.9659
2022,Q1,Fixed Broadband,Umm Salal,196168,308.85,111.62,446.35,119.85,81.68,3.18,95.46,26594,11363,5.61,3932,493,130,62.62,99.9725
2022,Q1,Fixed Broadband,Al Khor,206790,314.62,115.04,475.67,124.34,88.14,2.42,96.88,23330,11122,5.42,7214,567,202,77.48,99.9758
2022,Q1,Managed Services,Doha,192938,303.49,113.38,469.07,110.74,77.01,2.45,98.95,33386,8776,3.87,4597,399,100,73.56,99.9448
2022,Q1,Managed Services,Al Rayyan,202291,283.37,107.18,500.25,130.64,70.71,3.11,98.3,25163,10151,4.69,5274,444,191,66.17,99.964
2022,Q1,Managed Services,Al Wakrah,191480,333.44,111.62,487.89,116.32,75.79,2.92,97.26,35282,8891,4.87,5189,667,161,70.33,99.9566
2022,Q1,Managed Services,Umm Salal,197037,327.45,98.87,489.92,107.9,80.37,1.36,97.79,31774,8683,5.88,4174,480,265,51.84,99.9266
2022,Q1,Managed Services,Al Khor,206245,284.91,103.75,481.73,133.52,75.93,2.39,94.41,29847,7114,4.03,6164,675,199,49.49,99.9245
2022,Q1,IoT,Doha,203654,289.93,106.63,508.99,113.72,83.14,3.01,96.89,29258,12282,4.83,6056,528,188,57.65,99.9237
2022,Q1,IoT,Al Rayyan,205175,269.79,108.29,483.64,133.28,78.38,2.24,98.0,31788,8292,6.95,4158,638,139,53.99,99.9383
2022,Q1,IoT,Al Wakrah,205861,308.14,114.55,495.88,120.16,76.75,2.71,97.33,27434,11359,6.82,4813,676,265,59.86,99.9165
2022,Q1,IoT,Umm Salal,194956,296.68,102.15,461.45,112.43,79.75,3.07,98.71,37319,7693,6.51,3655,601,188,67.48,99.9978
2022,Q1,IoT,Al Khor,180865,357.38,107.42,481.79,133.61,74.71,2.29,97.25,27349,8912,4.74,3864,403,156,53.8,99.9459
2022,Q1,Devices,Doha,206723,301.09,120.72,462.18,129.11,90.4,2.43,96.59,30410,10300,6.23,5508,692,235,75.02,99.9339
2022,Q1,Devices,Al Rayyan,185938,317.84,114.29,474.89,116.72,77.56,2.42,97.32,31208,11801,6.9,5147,346,227,58.53,99.9205
2022,Q1,Devices,Al Wakrah,195390,307.36,109.51,520.05,134.01,79.42,3.29,97.74,28719,8804,4.49,4377,500,170,45.78,99.9388
2022,Q1,Devices,Umm Salal,199940,306.54,104.75,518.5,119.01,75.19,2.42,98.07,32611,8753,4.62,4137,464,178,73.94,99.9562
2022,Q1,Devices,Al Khor,191763,295.31,104.44,539.9,130.35,76.69,2.83,97.43,27146,12779,3.17,5450,759,172,63.33,99.9084
2022,Q2,Mobile Prepaid,Doha,206222,309.59,104.86,521.63,126.61,87.27,3.12,95.18,30556,4960,4.85,5349,707,292,45.32,99.9418
2022,Q2,Mobile Prepaid,Al Rayyan,197107,292.74,117.74,449.85,118.97,83.15,2.86,96.34,30371,7165,6.49,5730,594,143,52.74,99.9338
2022,Q2,Mobile Prepaid,Al Wakrah,210027,315.06,105.31,545.81,102.91,89.55,3.34,92.74,28001,10939,7.01,4383,653,176,56.79,99.9304
2022,Q2,Mobile Prepaid,Umm Salal,205228,268.23,110.13,505.66,125.03,77.31,3.49,94.79,25636,12341,4.77,4325,416,247,71.23,99.9712
2022,Q2,Mobile Prepaid,Al Khor,199316,301.66,108.52,472.83,130.41,77.32,3.36,97.0,27155,5426,4.1,5131,662,247,58.67,99.9491
2022,Q2,Mobile Postpaid,Doha,196725,304.86,112.98,509.83,119.31,81.46,2.43,95.28,29895,11865,6.44,6397,649,277,69.32,99.953
2022,Q2,Mobile Postpaid,Al Rayyan,183860,306.52,109.85,471.33,131.21,79.78,2.13,97.76,22630,9474,4.84,4968,642,134,62.99,99.9745
2022,Q2,Mobile Postpaid,Al Wakrah,211820,299.02,109.84,475.35,112.55,78.19,2.58,96.4,31125,11507,5.61,4199,729,307,65.49,99.9497
2022,Q2,Mobile Postpaid,Umm Salal,188242,280.88,121.75,526.78,128.81,81.24,2.32,96.48,28093,9903,4.3,3013,464,130,66.95,99.9451
2022,Q2,Mobile Postpaid,Al Khor,187640,280.74,114.81,463.28,114.58,77.49,1.87,96.76,15294,9902,4.17,3223,329,242,64.2,99.9216
2022,Q2,Fixed Broadband,Doha,206577,318.92,109.46,526.76,112.22,90.82,2.98,99.44,25191,10053,4.23,4639,564,223,77.53,99.9456
2022,Q2,Fixed Broadband,Al Rayyan,225834,293.43,113.18,498.91,122.42,78.45,2.47,96.28,27353,8838,4.48,5679,712,171,54.64,99.9388
2022,Q2,Fixed Broadband,Al Wakrah,205325,298.3,111.72,499.52,123.23,80.03,2.63,93.88,28572,11091,4.18,5122,500,90,50.35,99.975
2022,Q2,Fixed Broadband,Umm Salal,212155,304.78,113.13,483.93,123.58,82.26,2.48,98.79,33543,8555,4.71,5405,666,189,64.79,99.964
2022,Q2,Fixed Broadband,Al Khor,197464,307.18,99.63,502.31,126.75,74.32,2.87,93.56,35905,12254,3.35,4675,651,273,65.59,99.9416
2022,Q2,Managed Services,Doha,190201,327.96,111.11,461.92,109.88,82.42,2.76,92.65,29956,10460,4.02,5294,633,68,70.18,99.9304
2022,Q2,Managed Services,Al Rayyan,228040,301.52,112.51,533.64,131.14,81.53,2.35,95.84,33516,8855,3.76,6384,574,315,62.09,99.9858
2022,Q2,Managed Services,Al Wakrah,200755,297.49,108.84,507.65,106.42,71.91,2.08,95.81,28083,8011,3.4,3097,607,243,65.62,99.9554
2022,Q2,Managed Services,Umm Salal,190024,299.12,113.98,488.72,131.52,83.38,2.41,94.05,29401,10444,4.33,7143,646,269,51.21,99.9626
2022,Q2,Managed Services,Al Khor,215721,285.28,118.32,474.48,122.03,74.46,2.03,97.88,18889,13453,5.41,4336,661,244,70.2,99.935
2022,Q2,IoT,Doha,182253,305.4,113.13,531.9,111.97,82.04,1.98,98.46,22547,11028,3.26,4491,646,40,65.55,99.9355
2022,Q2,IoT,Al Rayyan,200917,320.09,109.39,471.45,121.75,83.39,2.57,95.23,27463,12082,4.55,3462,383,305,45.87,99.9634
2022,Q2,IoT,Al Wakrah,199431,277.92,108.47,540.18,125.52,71.63,2.3,94.13,32196,8258,5.68,4514,654,233,46.65,99.9397
2022,Q2,IoT,Umm Salal,204832,322.43,101.45,522.79,108.6,84.42,2.53,97.67,26278,10910,6.35,3530,586,178,52.78,99.9378
2022,Q2,IoT,Al Khor,198918,329.88,107.68,496.75,140.64,83.2,2.01,100.27,29874,6745,5.6,4886,688,179,50.48,99.9504
2022,Q2,Devices,Doha,218098,303.3,121.45,498.76,116.72,79.24,3.48,95.25,33021,7595,4.77,6142,546,187,69.87,99.9429
2022,Q2,Devices,Al Rayyan,196328,285.31,111.86,487.08,123.59,85.26,2.1,98.66,42345,7703,3.14,4434,576,176,65.78,99.9455
2022,Q2,Devices,Al Wakrah,225069,278.59,107.98,420.31,114.66,85.69,3.29,96.5,35372,6511,3.85,6122,467,178,64.56,99.9496
2022,Q2,Devices,Umm Salal,192159,288.66,113.36,451.77,139.42,82.31,1.88,95.04,26475,10391,4.94,4337,690,244,55.42,99.9667
2022,Q2,Devices,Al Khor,199382,319.06,115.77,491.78,129.09,76.77,2.45,96.25,25017,6488,4.38,4120,723,278,49.07,99.9319
2022,Q3,Mobile Prepaid,Doha,186090,339.12,111.03,495.27,123.02,74.67,2.24,97.77,22399,8630,5.31,5243,613,241,79.61,99.9201
2022,Q3,Mobile Prepaid,Al Rayyan,203704,271.79,110.66,501.74,128.36,87.26,2.82,97.84,23309,9941,4.78,5288,547,261,61.85,99.9297
2022,Q3,Mobile Prepaid,Al Wakrah,212492,279.05,113.12,484.02,128.64,79.68,2.33,96.37,33555,10491,4.79,4487,681,166,45.97,99.969
2022,Q3,Mobile Prepaid,Umm Salal,210871,322.73,100.31,506.41,111.15,70.06,2.17,98.8,33829,10397,6.3,6434,725,276,39.38,99.9499
2022,Q3,Mobile Prepaid,Al Khor,195694,279.42,110.65,497.37,129.35,84.82,1.68,95.55,30175,7453,5.9,5989,568,194,57.01,99.9441
2022,Q3,Mobile Postpaid,Doha,194211,292.13,109.66,522.86,135.88,87.25,2.63,97.24,26177,10026,5.74,5111,484,174,70.73,99.9862
2022,Q3,Mobile Postpaid,Al Rayyan,194452,301.8,107.68,483.54,118.7,67.84,2.34,99.36,26239,9744,4.63,4399,504,142,60.75,99.9582
2022,Q3,Mobile Postpaid,Al Wakrah,204540,296.6,105.87,458.84,120.46,82.0,2.35,95.5,19647,10922,5.53,4386,861,88,54.87,99.9414
2022,Q3,Mobile Postpaid,Umm Salal,212091,292.07,97.63,503.56,129.52,76.14,2.59,93.41,26202,11524,3.79,4949,515,209,59.75,99.948
2022,Q3,Mobile Postpaid,Al Khor,201573,275.3,113.01,534.29,114.34,82.44,1.87,97.93,22877,9215,4.59,4492,495,141,85.32,99.9823
2022,Q3,Fixed Broadband,Doha,213284,308.27,103.92,458.31,138.72,81.92,2.55,96.32,29358,6794,5.25,6570,606,155,55.37,99.9578
2022,Q3,Fixed Broadband,Al Rayyan,186965,276.33,105.17,513.45,122.95,87.21,2.06,96.87,39921,8153,4.82,5682,633,162,46.63,99.9496
2022,Q3,Fixed Broadband,Al Wakrah,195609,289.69,106.87,457.3,126.03,83.68,2.08,97.22,21146,10371,3.91,4005,493,172,61.16,99.9446
2022,Q3,Fixed Broadband,Umm Salal,185212,250.34,107.55,466.9,125.81,66.33,2.47,97.25,30657,9009,6.3,5830,478,224,81.99,99.9635
2022,Q3,Fixed Broadband,Al Khor,203883,270.77,114.74,500.4,125.38,87.71,2.14,99.71,31611,6951,5.75,4010,490,180,69.51,99.9678
2022,Q3,Managed Services,Doha,214695,300.43,110.93,502.31,112.62,71.85,2.81,92.9,30412,10528,3.65,4413,463,159,72.08,99.9618
2022,Q3,Managed Services,Al Rayyan,203100,301.42,102.16,487.58,117.09,82.53,2.89,95.2,24728,9148,5.99,5144,461,216,64.88,99.9128
2022,Q3,Managed Services,Al Wakrah,189097,263.4,108.57,490.22,134.66,82.73,2.53,98.68,34840,10540,5.16,4341,708,236,58.72,99.9329
2022,Q3,Managed Services,Umm Salal,212036,334.61,113.88,509.02,114.58,80.95,2.34,98.64,28668,10385,4.91,5094,514,235,52.83,99.9601
2022,Q3,Managed Services,Al Khor,177264,312.69,111.38,485.34,135.16,90.84,2.51,96.21,27348,12582,3.61,3866,819,157,52.87,99.9191
2022,Q3,IoT,Doha,199277,289.94,105.08,512.32,121.48,83.99,1.65,96.43,23348,8715,6.72,5483,562,229,55.46,99.9623
2022,Q3,IoT,Al Rayyan,208060,276.76,103.54,464.51,126.55,90.42,2.45,96.26,25430,10959,5.68,5469,608,227,46.11,99.9415
2022,Q3,IoT,Al Wakrah,207976,322.11,111.16,487.29,132.54,76.64,2.75,97.67,16829,8336,4.77,5905,526,210,62.55,99.938
2022,Q3,IoT,Umm Salal,203722,289.17,108.0,479.99,119.92,83.48,2.48,95.17,27092,8520,3.56,5094,519,184,68.57,99.9751
2022,Q3,IoT,Al Khor,187893,309.47,103.42,547.33,110.49,88.18,2.38,94.42,34393,9679,5.72,5334,608,109,61.06,99.9227
2022,Q3,Devices,Doha,194942,300.46,103.5,543.39,109.88,79.06,2.47,96.57,29578,10454,4.68,5688,691,120,55.01,100.0015
2022,Q3,Devices,Al Rayyan,197006,307.68,111.04,489.55,123.38,81.87,2.55,93.11,33774,8754,6.13,5169,599,174,76.57,99.9308
2022,Q3,Devices,Al Wakrah,217690,294.79,116.06,497.04,123.98,81.02,1.63,97.65,33485,11432,4.58,4456,727,131,55.76,99.9725
2022,Q3,Devices,Umm Salal,201841,329.98,105.42,512.07,125.25,81.97,2.33,94.45,37241,5868,4.15,6525,695,309,61.08,99.9046
2022,Q3,Devices,Al Khor,196279,313.68,108.95,479.43,102.08,76.57,3.43,94.51,26383,10521,5.56,6840,576,207,60.77,99.9471
2022,Q4,Mobile Prepaid,Doha,209101,300.23,100.08,475.77,115.34,75.75,2.66,93.54,23222,10851,3.91,5642,591,178,57.12,99.9335
2022,Q4,Mobile Prepaid,Al Rayyan,202443,304.76,109.53,494.47,112.1,80.07,2.86,94.09,31814,7235,4.7,8034,703,148,75.25,99.9805
2022,Q4,Mobile Prepaid,Al Wakrah,196565,265.81,101.22,488.9,104.62,85.88,2.95,96.36,23695,9400,6.12,5408,518,188,48.6,99.9785
2022,Q4,Mobile Prepaid,Umm Salal,204523,282.8,106.85,528.5,108.78,69.22,2.12,96.41,31550,10127,4.72,4102,570,261,58.13,99.9455
2022,Q4,Mobile Prepaid,Al Khor,185475,302.25,108.3,452.94,131.15,78.73,2.98,96.63,28574,8167,5.3,5403,576,173,73.58,99.9502
2022,Q4,Mobile Postpaid,Doha,209180,295.79,113.8,490.46,123.69,74.47,2.66,92.8,33905,9993,5.9,2328,479,314,55.08,99.9371
2022,Q4,Mobile Postpaid,Al Rayyan,201163,254.17,107.68,543.57,127.53,84.15,3.28,95.07,28690,10417,4.02,4485,643,87,59.69,99.9262
2022,Q4,Mobile Postpaid,Al Wakrah,196176,310.87,100.32,454.03,102.53,72.54,2.71,98.16,35728,9522,2.54,7185,454,221,54.85,99.9536
2022,Q4,Mobile Postpaid,Umm Salal,187891,301.71,107.44,474.1,117.14,82.51,2.21,101.02,27875,9920,3.63,4711,557,275,55.89,99.9878
2022,Q4,Mobile Postpaid,Al Khor,181461,295.88,108.93,529.19,141.83,75.08,2.27,98.36,31878,8698,5.01,6086,520,211,64.14,99.9225
2022,Q4,Fixed Broadband,Doha,200574,280.29,108.68,480.95,111.52,84.73,2.23,94.8,21688,9011,3.63,5622,699,250,63.39,99.9373
2022,Q4,Fixed Broadband,Al Rayyan,207759,312.58,110.23,496.86,114.74,77.37,2.58,97.73,33701,9738,6.57,5197,617,167,66.42,99.9546
2022,Q4,Fixed Broadband,Al Wakrah,176422,274.86,105.69,462.09,113.61,88.64,2.58,96.02,36021,12215,3.62,4124,462,285,85.3,99.9637
2022,Q4,Fixed Broadband,Umm Salal,207186,309.57,113.38,545.96,114.18,78.23,3.24,96.69,28434,12427,4.58,5225,697,211,60.48,100.0156
2022,Q4,Fixed Broadband,Al Khor,213005,269.53,118.28,478.45,115.3,87.51,2.0,98.45,36227,8385,3.92,5368,664,252,48.11,99.9869
2022,Q4,Managed Services,Doha,211356,317.86,110.93,514.8,111.06,86.01,2.4,98.8,28844,6630,4.99,5477,592,66,59.11,99.9823
2022,Q4,Managed Services,Al Rayyan,191253,306.74,110.91,457.12,127.13,85.79,2.84,97.12,29174,7260,4.84,5729,549,148,47.94,99.9631
2022,Q4,Managed Services,Al Wakrah,204084,296.04,118.94,500.11,117.34,75.48,1.54,99.97,28016,11442,5.01,1897,572,260,46.95,99.9219
2022,Q4,Managed Services,Umm Salal,198992,313.01,110.46,520.87,114.15,78.35,2.74,96.46,38883,12305,3.28,5135,618,187,63.22,99.9427
2022,Q4,Managed Services,Al Khor,203166,299.98,112.58,486.09,97.85,83.83,1.88,94.62,29098,8577,4.66,5434,587,254,46.1,99.956
2022,Q4,IoT,Doha,200923,282.17,118.5,461.41,103.64,77.1,2.86,97.36,27541,12704,5.42,7235,317,300,66.76,99.9507
2022,Q4,IoT,Al Rayyan,205015,283.92,109.98,523.93,124.22,85.54,3.25,99.0,35494,9861,5.56,4972,616,214,54.86,99.9826
2022,Q4,IoT,Al Wakrah,216578,313.9,99.4,520.29,127.08,81.67,2.7,99.56,25270,11455,4.64,4371,711,202,67.65,99.9364
2022,Q4,IoT,Umm Salal,205097,317.53,110.44,501.86,113.75,84.03,1.83,96.4,24810,11651,7.29,5587,420,224,72.64,99.9527
2022,Q4,IoT,Al Khor,207223,277.67,102.88,528.78,118.58,81.92,1.66,99.3,32887,10163,5.6,4023,669,290,66.34,99.9494
2022,Q4,Devices,Doha,214609,295.39,107.88,483.78,126.11,75.86,1.93,97.52,20793,8186,6.19,5132,527,198,61.56,99.9285
2022,Q4,Devices,Al Rayyan,216526,331.33,119.9,461.54,115.58,81.16,1.6,96.37,36695,6372,5.75,3661,619,271,65.87,99.9577
2022,Q4,Devices,Al Wakrah,204703,313.7,110.01,490.86,119.87,72.4,1.79,95.29,25219,11587,4.88,3298,523,233,49.05,99.9014
2022,Q4,Devices,Umm Salal,210894,308.65,110.43,444.93,94.07,77.45,2.47,98.55,30590,7796,3.18,3930,679,214,58.02,99.979
2022,Q4,Devices,Al Khor,181786,295.07,104.28,508.17,141.35,87.45,2.75,95.27,30928,11613,6.11,4708,489,159,55.36,99.943
2023,Q1,Mobile Prepaid,Doha,301697,432.04,110.68,767.4,177.23,77.26,2.16,100.47,27726,9254,4.84,5361,774,201,50.91,99.96
2023,Q1,Mobile Prepaid,Al Rayyan,311226,466.87,111.47,693.99,171.22,78.06,2.69,96.93,28159,11318,5.73,3110,517,81,65.19,99.9194
2023,Q1,Mobile Prepaid,Al Wakrah,298714,459.7,111.91,715.38,186.64,85.85,2.44,97.4,31663,9465,6.22,5003,596,252,65.42,99.9507
2023,Q1,Mobile Prepaid,Umm Salal,312644,433.57,116.1,732.57,179.78,83.41,2.77,97.68,32145,12408,4.42,4842,545,188,49.83,99.9384
2023,Q1,Mobile Prepaid,Al Khor,285526,470.55,112.99,763.0,194.57,82.54,2.31,99.47,29131,8094,4.7,4872,690,228,63.51,99.9563
2023,Q1,Mobile Postpaid,Doha,281481,452.83,113.79,718.21,169.81,85.18,2.54,97.55,27353,9392,6.21,4607,684,285,56.31,99.9522
2023,Q1,Mobile Postpaid,Al Rayyan,301094,449.15,112.94,720.9,180.86,68.63,2.94,93.96,22456,10243,4.36,4740,508,168,55.78,99.9378
2023,Q1,Mobile Postpaid,Al Wakrah,299097,451.76,116.17,742.32,165.88,74.87,2.32,100.6,32796,12487,3.78,4929,749,197,53.36,99.9691
2023,Q1,Mobile Postpaid,Umm Salal,291460,458.81,123.26,808.56,170.72,86.77,2.18,97.15,23179,9554,5.59,5292,468,162,49.27,99.957
2023,Q1,Mobile Postpaid,Al Khor,307608,493.54,109.62,768.32,173.51,80.83,2.51,96.8,23739,6651,4.06,2623,727,143,47.74,99.991
2023,Q1,Fixed Broadband,Doha,289938,446.53,113.12,749.0,199.25,83.32,2.1,98.26,27675,12315,5.28,4791,604,190,43.53,99.9524
2023,Q1,Fixed Broadband,Al Rayyan,302941,487.38,119.7,766.98,179.85,79.16,2.81,98.81,33648,12738,4.74,4453,753,201,63.99,99.9248
2023,Q1,Fixed Broadband,Al Wakrah,316756,435.07,120.71,713.1,186.72,67.92,2.35,96.6,27353,8246,6.48,4436,724,199,53.28,99.9463
2023,Q1,Fixed Broadband,Umm Salal,302451,454.63,110.52,789.37,154.83,83.89,2.03,98.69,29166,8758,4.73,4313,599,209,46.38,99.9351
2023,Q1,Fixed Broadband,Al Khor,307406,416.71,113.45,765.5,178.75,82.04,3.35,95.82,31660,10989,7.48,6019,676,238,59.51,99.9613
2023,Q1,Managed Services,Doha,294191,467.18,122.07,814.42,181.77,71.07,2.92,97.42,33116,10972,5.9,4725,646,238,57.82,99.9914
2023,Q1,Managed Services,Al Rayyan,299214,430.15,115.35,719.93,186.47,75.91,1.77,97.93,35515,9353,4.55,5766,514,160,55.77,99.9241
2023,Q1,Managed Services,Al Wakrah,293534,429.93,117.84,735.03,183.23,78.34,2.13,95.3,21488,13081,4.61,3293,558,137,48.05,99.9552
2023,Q1,Managed Services,Umm Salal,288396,473.48,108.86,745.43,171.26,80.26,1.74,95.87,30082,7577,3.37,4767,617,258,70.36,99.9358
2023,Q1,Managed Services,Al Khor,316680,442.91,113.48,812.14,177.62,74.39,1.73,96.78,27917,10096,4.3,5905,577,150,44.8,99.9914
2023,Q1,IoT,Doha,294425,447.75,105.36,752.28,188.23,76.49,2.54,93.68,32403,8863,6.26,3196,449,253,77.64,99.9382
2023,Q1,IoT,Al Rayyan,321440,427.55,117.44,722.09,167.19,79.75,3.81,97.41,36288,11496,5.05,4672,862,224,78.07,99.9586
2023,Q1,IoT,Al Wakrah,296484,447.72,116.48,767.75,186.44,77.63,2.85,97.96,24102,11149,4.87,5615,507,156,70.4,99.9502
2023,Q1,IoT,Umm Salal,294023,449.74,105.89,693.26,163.18,87.59,2.35,93.12,34236,9533,5.59,6402,626,192,51.23,99.9735
2023,Q1,IoT,Al Khor,289357,450.23,124.62,775.0,181.5,78.99,2.74,97.14,30418,8334,4.87,6020,599,259,54.59,99.9744
2023,Q1,Devices,Doha,309325,399.24,116.48,742.87,161.77,79.18,3.23,100.76,32045,9860,5.48,5239,401,236,59.64,99.9495
2023,Q1,Devices,Al Rayyan,296514,473.65,115.87,735.5,182.32,68.15,2.72,96.35,27014,10099,6.47,4599,650,166,48.38,99.9522
2023,Q1,Devices,Al Wakrah,292420,440.0,116.99,768.09,192.38,80.33,1.77,95.98,31753,5561,4.04,4933,853,247,63.22,99.9287
2023,Q1,Devices,Umm Salal,307662,468.68,115.52,755.94,178.09,82.59,2.79,97.92,29538,12498,5.36,4279,645,252,62.98,99.9514
2023,Q1,Devices,Al Khor,288305,437.17,110.0,780.98,184.56,82.63,1.28,97.97,26695,11426,3.45,4065,753,138,76.53,99.9336
2023,Q2,Mobile Prepaid,Doha,284713,445.07,121.94,708.3,166.79,81.2,1.9,95.75,26116,9294,4.61,5233,543,262,72.7,99.9434
2023,Q2,Mobile Prepaid,Al Rayyan,302103,425.45,110.4,731.02,177.03,75.12,1.91,92.88,31184,12392,4.58,3766,638,232,36.37,99.9688
2023,Q2,Mobile Prepaid,Al Wakrah,302390,433.29,123.69,756.44,188.11,78.28,2.45,94.68,12942,7948,4.05,5839,706,208,48.33,99.9635
2023,Q2,Mobile Prepaid,Umm Salal,292174,470.0,112.69,762.22,184.05,82.65,2.46,99.37,30313,10768,6.86,5034,655,158,62.07,99.9397
2023,Q2,Mobile Prepaid,Al Khor,289858,460.9,123.68,707.74,171.96,91.89,2.82,97.4,33916,11893,6.04,4906,546,205,77.23,99.9526
2023,Q2,Mobile Postpaid,Doha,302975,476.63,116.61,759.77,186.04,80.84,2.12,99.7,36989,9936,6.17,5784,515,198,65.2,99.951
2023,Q2,Mobile Postpaid,Al Rayyan,282704,448.1,109.97,744.84,188.92,73.21,2.66,95.79,33858,12219,3.4,2860,574,253,56.85,99.9574
2023,Q2,Mobile Postpaid,Al Wakrah,303118,476.41,113.2,736.96,158.38,75.61,3.0,99.24,30754,7039,7.45,6017,754,179,44.06,99.9616
2023,Q2,Mobile Postpaid,Umm Salal,306332,477.81,120.24,777.3,187.58,87.85,2.78,94.43,31367,11716,3.86,5928,632,210,62.68,99.9165
2023,Q2,Mobile Postpaid,Al Khor,282865,424.9,115.96,744.8,199.09,86.65,2.33,98.53,31242,10292,6.17,5833,531,180,56.53,99.9445
2023,Q2,Fixed Broadband,Doha,276573,462.11,114.47,740.94,182.92,85.38,2.85,96.95,27769,10897,3.97,7310,566,217,47.96,99.9562
2023,Q2,Fixed Broadband,Al Rayyan,302502,430.33,112.21,725.77,188.17,84.05,2.05,97.78,24223,9009,6.65,5910,644,189,55.08,99.9727
2023,Q2,Fixed Broadband,Al Wakrah,299858,452.09,116.93,724.04,177.47,82.45,2.67,97.85,29277,7841,3.63,2135,615,156,53.05,99.9354
2023,Q2,Fixed Broadband,Umm Salal,291309,457.37,113.21,746.04,193.99,70.69,2.14,93.51,39779,10762,5.3,4542,609,168,54.21,99.9738
2023,Q2,Fixed Broadband,Al Khor,283691,470.37,124.12,776.53,183.62,77.48,2.17,97.35,22204,10226,4.68,5473,599,218,71.33,99.9818
2023,Q2,Managed Services,Doha,310321,448.08,124.44,702.06,183.37,78.6,2.99,95.69,28115,9365,4.93,4540,555,222,50.69,99.9492
2023,Q2,Managed Services,Al Rayyan,299919,490.98,116.78,766.85,199.2,89.83,2.97,96.1,25274,6660,4.27,3650,552,181,61.05,100.0003
2023,Q2,Managed Services,Al Wakrah,308731,458.7,115.83,778.67,186.98,83.21,2.43,91.83,30170,12250,4.87,1965,567,166,55.92,99.9472
2023,Q2,Managed Services,Umm Salal,298675,474.01,118.6,804.74,169.48,82.69,2.4,94.67,30379,10933,5.75,4184,750,248,72.66,99.9179
2023,Q2,Managed Services,Al Khor,284535,422.13,109.73,735.73,180.14,75.38,3.66,98.42,25986,7506,4.19,5248,650,172,65.77,99.9545
2023,Q2,IoT,Doha,283158,454.51,120.03,733.84,182.68,77.36,2.39,94.95,33877,10359,4.73,6566,414,180,59.18,99.9323
2023,Q2,IoT,Al Rayyan,310466,470.25,112.4,728.4,170.69,85.06,1.92,96.99,31056,12810,5.32,6118,592,171,47.33,99.9961
2023,Q2,IoT,Al Wakrah,300155,442.58,114.81,812.49,181.93,81.42,1.93,96.81,27431,10032,3.97,4126,717,219,56.48,99.9533
2023,Q2,IoT,Umm Salal,312130,462.28,119.67,752.45,183.16,83.56,2.68,97.58,33402,8505,4.94,5463,512,184,48.25,99.9545
2023,Q2,IoT,Al Khor,298456,469.03,111.49,725.16,185.21,82.49,1.37,96.56,21302,7348,5.51,3965,626,201,62.3,99.95
2023,Q2,Devices,Doha,318446,502.28,111.33,741.99,172.88,73.43,2.01,97.76,33079,12348,5.75,5388,710,255,63.59,99.9947
2023,Q2,Devices,Al Rayyan,297375,421.93,121.33,801.72,190.85,85.44,2.26,96.49,29880,7894,5.12,5382,537,232,55.34,99.9225
2023,Q2,Devices,Al Wakrah,321364,456.76,119.07,740.31,183.75,77.3,3.46,97.22,32914,12907,4.41,5882,447,191,64.5,99.9591
2023,Q2,Devices,Umm Salal,295980,466.52,117.03,721.62,184.93,79.3,1.85,95.52,26390,8089,5.31,4716,657,155,58.05,99.9248
2023,Q2,Devices,Al Khor,295632,392.57,118.22,762.49,176.84,81.68,1.68,97.15,35217,10585,5.04,4036,351,140,45.84,99.9261
2023,Q3,Mobile Prepaid,Doha,308965,474.32,112.05,691.93,196.17,81.76,2.02,97.39,35196,12230,4.66,5022,475,239,61.14,99.9332
2023,Q3,Mobile Prepaid,Al Rayyan,306750,450.07,109.12,745.94,164.99,73.98,2.52,97.21,24146,12652,5.58,5142,478,144,48.58,99.9202
2023,Q3,Mobile Prepaid,Al Wakrah,307573,444.94,114.94,766.25,179.35,83.53,2.22,97.18,27378,11833,4.62,5613,681,233,61.82,99.9568
2023,Q3,Mobile Prepaid,Umm Salal,283287,486.29,103.26,757.52,162.99,78.07,1.2,99.37,38694,9289,4.86,5379,732,204,78.37,99.9688
2023,Q3,Mobile Prepaid,Al Khor,310235,415.88,117.19,768.22,177.35,73.63,2.88,99.76,18028,9408,3.78,5538,609,161,55.53,99.9538
2023,Q3,Mobile Postpaid,Doha,296281,422.62,119.77,734.45,179.02,78.62,3.02,99.97,24478,10891,4.92,4165,898,287,53.71,99.9494
2023,Q3,Mobile Postpaid,Al Rayyan,310617,461.78,115.1,752.62,168.44,74.37,1.69,93.73,32380,8736,4.84,5875,555,236,64.92,99.9278
2023,Q3,Mobile Postpaid,Al Wakrah,300513,465.5,118.56,815.04,176.51,88.28,3.25,100.08,23883,10988,5.36,6197,505,214,65.15,99.9713
2023,Q3,Mobile Postpaid,Umm Salal,317719,457.95,117.1,711.04,174.55,80.48,2.29,95.59,29815,10566,6.14,4860,683,188,74.11,99.9709
2023,Q3,Mobile Postpaid,Al Khor,273206,463.26,110.36,737.44,183.59,75.37,1.76,98.45,36526,10208,3.34,5305,437,174,78.86,99.9421
2023,Q3,Fixed Broadband,Doha,308690,451.85,113.03,744.12,168.59,81.62,2.49,96.72,24847,8326,7.32,5558,545,199,69.13,99.9565
2023,Q3,Fixed Broadband,Al Rayyan,305942,444.97,112.88,772.41,186.44,78.79,2.47,97.18,33936,11309,4.61,5162,740,227,75.3,99.9574
2023,Q3,Fixed Broadband,Al Wakrah,303579,476.23,113.07,758.21,183.66,86.06,2.35,94.83,33734,12353,6.46,4309,358,135,64.07,99.9534
2023,Q3,Fixed Broadband,Umm Salal,301302,486.88,125.63,730.67,175.16,78.43,2.74,94.21,28228,10224,3.36,4431,603,128,45.5,99.9498
2023,Q3,Fixed Broadband,Al Khor,311912,462.48,108.71,737.28,200.69,78.02,2.53,95.87,25657,9750,3.21,4757,644,189,45.4,99.9491
2023,Q3,Managed Services,Doha,299417,465.65,120.83,731.93,176.89,81.42,2.26,95.74,30976,7134,6.9,5051,709,191,67.74,99.9453
2023,Q3,Managed Services,Al Rayyan,288422,471.53,119.85,694.57,183.12,78.47,2.46,97.5,30832,7177,4.12,5658,579,248,61.71,99.9227
2023,Q3,Managed Services,Al Wakrah,278571,439.64,114.55,780.43,179.09,86.05,2.11,98.63,31824,12872,4.77,4533,605,216,56.8,99.9374
2023,Q3,Managed Services,Umm Salal,305642,453.88,109.87,713.62,188.62,78.38,2.05,93.17,30988,11114,7.26,5778,486,227,85.69,99.9706
2023,Q3,Managed Services,Al Khor,315080,438.46,111.71,766.04,174.66,82.58,1.89,99.71,35558,10182,4.33,6059,485,228,57.32,99.9309
2023,Q3,IoT,Doha,301063,442.23,114.91,769.53,193.44,76.64,2.23,97.05,30997,10338,3.3,3155,588,243,66.17,99.9898
2023,Q3,IoT,Al Rayyan,294766,451.65,127.85,718.78,156.92,79.41,2.37,94.88,35544,9838,4.75,6105,805,166,53.46,99.9576
2023,Q3,IoT,Al Wakrah,312320,443.91,109.32,786.48,190.28,71.33,2.9,95.62,24956,11177,6.08,4609,652,211,59.27,99.9424
2023,Q3,IoT,Umm Salal,312040,429.71,118.9,661.93,162.66,68.66,2.39,98.43,30736,9182,5.43,5653,664,169,62.1,99.9883
2023,Q3,IoT,Al Khor,292905,432.02,115.8,723.3,187.6,77.47,2.8,97.4,28746,10479,4.69,4098,589,278,64.01,99.954
2023,Q3,Devices,Doha,292320,461.53,120.42,800.55,189.01,81.68,2.28,98.18,28387,5691,5.39,3825,771,274,63.92,99.9685
2023,Q3,Devices,Al Rayyan,290816,450.06,111.11,787.66,174.2,76.89,2.66,97.22,31033,10689,5.53,6482,617,123,64.77,99.943
2023,Q3,Devices,Al Wakrah,291811,421.25,114.77,743.31,172.58,76.69,2.81,97.95,28528,12150,6.29,5127,510,171,56.03,99.9502
2023,Q3,Devices,Umm Salal,306268,447.66,106.35,774.66,194.7,88.38,2.35,100.05,25750,9330,5.77,5208,740,202,62.1,99.9499
2023,Q3,Devices,Al Khor,290502,452.25,114.83,741.93,184.26,72.79,3.17,97.24,26337,9891,5.86,4850,552,123,45.09,99.9699
2023,Q4,Mobile Prepaid,Doha,299403,481.15,118.93,754.24,189.88,76.86,2.68,93.74,33394,6874,5.68,5697,693,252,64.67,99.9619
2023,Q4,Mobile Prepaid,Al Rayyan,298040,441.84,115.67,724.65,191.66,81.8,2.3,98.01,30065,8318,5.41,4598,640,146,70.85,99.9504
2023,Q4,Mobile Prepaid,Al Wakrah,314299,433.27,118.1,724.01,178.72,74.39,2.44,95.57,29258,9333,3.87,3320,709,162,57.37,99.9737
2023,Q4,Mobile Prepaid,Umm Salal,301303,442.64,114.12,737.2,153.15,76.86,2.55,94.88,29825,9480,4.25,4042,382,261,80.96,99.9514
2023,Q4,Mobile Prepaid,Al Khor,301870,438.68,125.52,717.98,174.67,78.89,2.13,97.54,25830,13788,4.89,4483,756,199,60.19,99.9566
2023,Q4,Mobile Postpaid,Doha,282113,465.54,120.75,747.7,177.34,70.22,2.67,97.44,36489,8863,6.45,5149,639,250,57.72,99.923
2023,Q4,Mobile Postpaid,Al Rayyan,294502,452.01,107.05,755.65,184.0,74.85,2.83,94.27,24753,11220,4.89,4562,666,184,62.68,99.9651
2023,Q4,Mobile Postpaid,Al Wakrah,289636,443.62,117.04,747.09,179.91,75.85,2.2,96.39,33427,6823,4.8,5814,583,235,58.81,99.9628
2023,Q4,Mobile Postpaid,Umm Salal,281942,448.46,120.27,803.51,178.51,75.77,2.76,100.22,32415,8950,3.4,6201,634,228,65.04,99.9797
2023,Q4,Mobile Postpaid,Al Khor,309898,434.77,116.74,730.64,187.13,79.46,2.24,98.05,32440,11985,5.44,3629,643,250,54.24,99.9436
2023,Q4,Fixed Broadband,Doha,312813,427.08,106.42,766.73,174.29,85.35,2.12,93.54,24416,10662,4.71,4943,692,141,50.3,99.9417
2023,Q4,Fixed Broadband,Al Rayyan,305529,467.92,113.48,707.76,182.41,73.66,1.83,95.61,31824,10936,5.2,5824,577,164,60.17,99.9634
2023,Q4,Fixed Broadband,Al Wakrah,304466,459.58,111.0,762.03,159.09,71.4,3.39,97.06,26638,12266,4.79,5290,581,166,48.0,99.9687
2023,Q4,Fixed Broadband,Umm Salal,322930,432.52,126.61,774.98,193.7,78.08,2.79,96.4,31145,10692,6.05,6145,573,160,56.03,99.9784
2023,Q4,Fixed Broadband,Al Khor,293600,491.36,111.26,760.8,184.37,71.94,2.56,94.78,30180,10869,5.11,6092,596,230,72.73,99.9325
2023,Q4,Managed Services,Doha,313207,439.64,122.5,701.23,177.38,85.7,2.04,98.38,30510,11458,5.08,2906,549,194,50.32,99.9432
2023,Q4,Managed Services,Al Rayyan,296612,394.34,117.66,765.06,170.4,82.91,2.56,100.54,37703,9033,4.87,6407,615,167,63.92,99.951
2023,Q4,Managed Services,Al Wakrah,317470,426.29,112.98,744.28,200.06,87.5,2.05,99.31,36143,6138,5.72,5211,670,241,70.28,99.9283
2023,Q4,Managed Services,Umm Salal,297298,444.26,111.54,729.46,165.05,83.06,2.7,97.56,33190,7347,4.1,5096,708,166,43.45,99.9597
2023,Q4,Managed Services,Al Khor,303920,433.71,128.58,721.71,190.27,74.44,2.92,94.75,31727,11981,3.54,6387,559,142,52.09,99.9567
2023,Q4,IoT,Doha,293393,436.46,121.46,743.68,176.84,86.86,2.8,97.26,37330,11397,4.43,4599,529,175,54.61,99.9211
2023,Q4,IoT,Al Rayyan,287465,430.76,123.59,754.77,194.2,83.94,3.25,96.27,33800,8010,4.88,4306,791,242,52.41,99.9438
2023,Q4,IoT,Al Wakrah,298318,432.28,114.87,756.3,190.5,75.93,3.53,96.85,39029,10741,5.89,4755,658,172,73.75,99.9651
2023,Q4,IoT,Umm Salal,294290,471.44,107.77,737.19,172.94,87.96,2.18,94.38,27004,5720,5.89,5119,433,144,58.09,99.9595
2023,Q4,IoT,Al Khor,296090,440.32,117.44,744.57,178.43,76.11,1.92,99.41,34796,9549,5.14,2690,638,209,67.15,99.9796
2023,Q4,Devices,Doha,287445,449.62,114.37,726.18,173.46,78.07,2.48,97.06,29844,10730,3.49,5344,510,192,66.73,99.9856
2023,Q4,Devices,Al Rayyan,293506,438.18,107.65,738.63,161.98,82.31,2.85,100.84,27332,11239,5.55,4829,649,209,62.65,99.969
2023,Q4,Devices,Al Wakrah,299809,427.76,115.51,743.52,196.26,82.45,2.36,95.51,29927,12215,5.28,5283,637,224,51.1,99.9374
2023,Q4,Devices,Umm Salal,286566,461.32,114.61,764.66,174.36,85.08,2.77,98.14,45889,11456,4.96,3592,640,214,64.01,99.9597
2023,Q4,Devices,Al Khor,297206,475.52,115.61,734.72,194.15,82.59,3.52,98.95,25289,8111,4.63,5287,670,180,52.59,99.9223
